[
  {
    "source": "amazon",
    "title": "Redmi 6 Pro (Gold, 4GB RAM, 64GB Storage)",
    "price": "13,499.00",
    "image": "https://images-eu.ssl-images-amazon.com/images/I/41u1jXreMQL._SL160_.jpg",
    "offerPrice": " 10,000.00",
    "productUrl": "https://www.amazon.in/Redmi-Pro-Gold-64GB-Storage/dp/B07DJ8GTZJ?SubscriptionId=AKIAIJ65MOX2EFD7HIOA&tag=shubham75-21&linkCode=xm2&camp=2025&creative=165953&creativeASIN=B07DJ8GTZJ",
    "discountPercentage": "26"
  },
  {
    "source": "amazon",
    "title": "Redmi Note 5 Pro (Red, 4GB RAM, 64GB Storage)",
    "price": " 15,999.00",
    "image": "https://images-eu.ssl-images-amazon.com/images/I/41X-iNJvJFL._SL160_.jpg",
    "offerPrice": " 11,990.00",
    "productUrl": "https://www.amazon.in/Redmi-Note-Pro-64GB-Storage/dp/B07K4952R3?SubscriptionId=AKIAIJ65MOX2EFD7HIOA&tag=shubham75-21&linkCode=xm2&camp=2025&creative=165953&creativeASIN=B07K4952R3",
    "discountPercentage": "20"
  },
  {
    "source": "amazon",
    "title": "Lenovo K8 Note (Venom Black, 4GB RAM, 64GB Storage) System Update",
    "price": " 14,999.00",
    "image": "https://images-eu.ssl-images-amazon.com/images/I/51uPEbFR5HL._SL160_.jpg",
    "offerPrice": " 9,715.00",
    "productUrl": "https://www.amazon.in/Lenovo-Venom-Storage-System-Update/dp/B01LZKSUXF?SubscriptionId=AKIAIJ65MOX2EFD7HIOA&tag=shubham75-21&linkCode=xm2&camp=2025&creative=165953&creativeASIN=B01LZKSUXF",
    "discountPercentage": "35"
  },
  {
    "source": "amazon",
    "title": "Samsung Guru 1200 (GT-E1200, Black)",
    "price": " 1,410.00",
    "image": "https://images-eu.ssl-images-amazon.com/images/I/41SRjNS17HL._SL160_.jpg",
    "offerPrice": " 1,100.00",
    "productUrl": "https://www.amazon.in/Samsung-Guru-1200-GT-E1200-Black/dp/B0079JZ4O2?SubscriptionId=AKIAIJ65MOX2EFD7HIOA&tag=shubham75-21&linkCode=xm2&camp=2025&creative=165953&creativeASIN=B0079JZ4O2",
    "discountPercentage": "22"
  },
  {
    "source": "amazon",
    "title": "Samsung Guru Music 2 SM-B310E (White)",
    "price": " 1,950.00",
    "image": "https://images-eu.ssl-images-amazon.com/images/I/41KZie9NJSL._SL160_.jpg",
    "offerPrice": " 1,625.00",
    "productUrl": "https://www.amazon.in/Samsung-Guru-Music-SM-B310E-White/dp/B00L5JVGFI?SubscriptionId=AKIAIJ65MOX2EFD7HIOA&tag=shubham75-21&linkCode=xm2&camp=2025&creative=165953&creativeASIN=B00L5JVGFI",
    "discountPercentage": "17"
  },
  {
    "source": "amazon",
    "title": "Redmi 6 Pro (Black, 4GB RAM, 64GB Storage)",
    "price": " 13,499.00",
    "image": "https://images-eu.ssl-images-amazon.com/images/I/41Jy18-CakL._SL160_.jpg",
    "offerPrice": " 10,000.00",
    "productUrl": "https://www.amazon.in/Redmi-Pro-Black-64GB-Storage/dp/B07DJHXWZZ?SubscriptionId=AKIAIJ65MOX2EFD7HIOA&tag=shubham75-21&linkCode=xm2&camp=2025&creative=165953&creativeASIN=B07DJHXWZZ",
    "discountPercentage": "26"
  },
  {
    "source": "amazon",
    "title": "Redmi 6 Pro (Black, 3GB RAM, 32GB Storage)",
    "price": " 11,499.00",
    "image": "https://images-eu.ssl-images-amazon.com/images/I/41Jy18-CakL._SL160_.jpg",
    "offerPrice": " 7,999.00",
    "productUrl": "https://www.amazon.in/Redmi-Pro-Black-32GB-Storage/dp/B07DJL15QT?SubscriptionId=AKIAIJ65MOX2EFD7HIOA&tag=shubham75-21&linkCode=xm2&camp=2025&creative=165953&creativeASIN=B07DJL15QT",
    "discountPercentage": "30"
  },
  {
    "source": "amazon",
    "title": "Samsung Galaxy M10 (Ocean Blue, 3+32GB)",
    "price": " 9,290.00",
    "image": "https://images-eu.ssl-images-amazon.com/images/I/41VGdIwoCRL._SL160_.jpg",
    "offerPrice": " 8,990.00",
    "productUrl": "https://www.amazon.in/Samsung-Galaxy-Ocean-Blue-32GB/dp/B07HGH8JWQ?SubscriptionId=AKIAIJ65MOX2EFD7HIOA&tag=shubham75-21&linkCode=xm2&camp=2025&creative=165953&creativeASIN=B07HGH8JWQ",
    "discountPercentage": "3"
  },
  {
    "source": "amazon",
    "title": "OnePlus 6T (Mirror Black, 6GB RAM, 128GB Storage)",
    "price": " 37,999.00",
    "image": "https://images-eu.ssl-images-amazon.com/images/I/41fBRgy0ipL._SL160_.jpg",
    "offerPrice": " 34,999.00",
    "productUrl": "https://www.amazon.in/OnePlus-Mirror-Black-128GB-Storage/dp/B07DJD1Y3Q?SubscriptionId=AKIAIJ65MOX2EFD7HIOA&tag=shubham75-21&linkCode=xm2&camp=2025&creative=165953&creativeASIN=B07DJD1Y3Q",
    "discountPercentage": "8"
  },
  {
    "source": "amazon",
    "title": "Nokia 105 (Black)",
    "price": " 1,199.00",
    "image": "https://images-eu.ssl-images-amazon.com/images/I/41gYdatbC4L._SL160_.jpg",
    "offerPrice": " 1,000.00",
    "productUrl": "https://www.amazon.in/Nokia-105-Black/dp/B0745BNFYV?SubscriptionId=AKIAIJ65MOX2EFD7HIOA&tag=shubham75-21&linkCode=xm2&camp=2025&creative=165953&creativeASIN=B0745BNFYV",
    "discountPercentage": "13"
  },
  {
    "source": "flipkart",
    "id": "MOBFE68WZM7UFMDA",
    "title": "Realme 3 (Dynamic Black, 32 GB)(3 GB RAM)",
    "price": 10999,
    "image": "https://rukminim1.flixcart.com/image/200/200/jtrjngw0/mobile/2/t/v/realme-3-rmx1825-original-imaferd5uzuyxrsv.jpeg?q=90",
    "offerPrice": 8999,
    "productUrl": "https://www.flipkart.com/realme-3-dynamic-black-32-gb/p/itmfe68wrbfnzqwz?pid=MOBFE68WZM7UFMDA&affid=suubhamvg",
    "discountPercentage": 18
  },
  {
    "source": "flipkart",
    "id": "MOBFE68WEPGFF2TV",
    "title": "Realme 3 (Dynamic Black, 64 GB)(4 GB RAM)",
    "price": 12999,
    "image": "https://rukminim1.flixcart.com/image/200/200/jtrjngw0/mobile/2/t/v/realme-3-rmx1825-original-imaferd5uzuyxrsv.jpeg?q=90",
    "offerPrice": 10999,
    "productUrl": "https://www.flipkart.com/realme-3-dynamic-black-64-gb/p/itmfe68wrbfnzqwz?pid=MOBFE68WEPGFF2TV&affid=suubhamvg",
    "discountPercentage": 15
  },
  {
    "source": "flipkart",
    "id": "MOBF3T87HMFBVGHX",
    "title": "Honor 7A (Blue, 32 GB)(3 GB RAM)",
    "price": 10999,
    "image": "https://rukminim1.flixcart.com/image/200/200/jhgl5e80/mobile/g/h/x/honor-7a-v100r001-aum-al20-original-imaf5h4amdhbzxtz.jpeg?q=90",
    "offerPrice": 6999,
    "productUrl": "https://www.flipkart.com/honor-7a-blue-32-gb/p/itmf3t8c3bunbspx?pid=MOBF3T87HMFBVGHX&affid=suubhamvg",
    "discountPercentage": 36
  },
  {
    "source": "flipkart",
    "id": "MOBFDXZ3HJJZH3GG",
    "title": "Redmi Note 7 (Sapphire Blue, 64 GB)(4 GB RAM)",
    "price": 14999,
    "image": "https://rukminim1.flixcart.com/image/200/200/jskofww0/mobile/v/z/z/mi-redmi-note-7-na-original-imafe48ru3s66sjd.jpeg?q=90",
    "offerPrice": 11999,
    "productUrl": "https://www.flipkart.com/redmi-note-7-sapphire-blue-64-gb/p/itmfdzvf8tptnezu?pid=MOBFDXZ3HJJZH3GG&affid=suubhamvg",
    "discountPercentage": 20
  },
  {
    "source": "flipkart",
    "id": "MOBFAJB4CWKAZGPZ",
    "title": "Redmi Note 6 Pro (Black, 64 GB)(4 GB RAM)",
    "price": 15999,
    "image": "https://rukminim1.flixcart.com/image/200/200/jog2nbk0/mobile/e/x/b/mi-redmi-e7t-na-original-imafazxdh2bd6hep.jpeg?q=90",
    "offerPrice": 11999,
    "productUrl": "https://www.flipkart.com/redmi-note-6-pro-black-64-gb/p/itmfayzxqnzjhtbh?pid=MOBFAJB4CWKAZGPZ&affid=suubhamvg",
    "discountPercentage": 25
  }
]
